,طابع زمني,السنة الدراسية,هل ترى التعليم عن بعد مفيد ومهم؟,من أين علمت عن جينيس؟,مكان السكن,بلد الإقامة,id,البرمجة,التأهيلي لدبلومة البرمجة,الرياضيات ( الماتيفيك ),القارئ المثقف,المدرسة الاونلاين,المستكشف الصغير,دبلومة الانجليزي,دبلومة البرمجة,دبلومة الديجتال ماركتنج,country,city,town
0,2021-06-13 18:44:47,الصف السادس الإبتدائي,ربما,Facebook,المريوطيه فيصل,,2000,1,0,0,0,0,0,0,0,0,Egypt,الجيزة,فيصل
1,2021-06-14 05:44:08,الصف الثالث الإبتدائي,نعم,Facebook,العباسيه,,2001,0,0,0,0,0,0,1,0,0,Egypt,القاهرة,العباسيه
2,2021-06-14 09:27:13,الصف السادس الإبتدائي,ربما,Facebook,مصر الجديدة,,2002,1,1,0,0,0,0,0,1,0,Egypt,القاهرة,مصر الجديدة
3,2021-06-14 12:41:41,الصف الخامس الإبتدائي,نعم,Internet,محافظة الشرقية,,2003,1,1,0,0,0,0,0,1,0,Egypt,محافظة الشرقية,
4,2021-06-14 16:39:35,الصف السادس الإبتدائي,نعم,Facebook,Egypt,,2004,1,1,0,0,0,0,1,1,1,Egypt,,
5,2021-06-14 17:23:59,الصف الرابع الإبتدائي,نعم,friends,المنيل,,2005,0,0,0,0,1,0,0,0,0,Egypt,القاهرة,المنيل
6,2021-06-14 21:02:37,الصف الثالث الإبتدائي,ربما,Facebook,الكويت,,2006,0,0,0,0,1,0,0,0,0,الكويت,,
7,2021-06-14 22:49:49,الصف الأول الإعدادي,نعم,Facebook,المنصورة,,2007,0,0,0,0,0,0,0,1,0,Egypt,المنصورة,
8,2021-06-14 23:17:54,الصف الثالث الإعدادي,ربما,Facebook,القاهرة,,2008,0,0,0,0,0,0,1,0,0,Egypt,القاهرة,
9,2021-06-14 23:29:09,الصف السادس الإبتدائي,نعم,Facebook,Saudi Arabia,,2009,0,0,0,0,0,0,1,0,0,Saudi Arabia,,
10,2021-06-15 01:21:06,الصف الأول الثانوي,نعم,family,مدينة نصر,,2010,0,0,0,0,1,0,0,0,0,Egypt,القاهرة,مدينة نصر
11,2021-06-15 01:22:37,الصف الأول الإعدادي,نعم,family,مدينة نصر,,2011,0,0,0,0,1,0,0,0,0,Egypt,القاهرة,مدينة نصر
12,2021-06-15 07:22:32,KG 1,ربما,social midea,Kuwait,,2012,1,1,1,1,1,1,1,1,1,,,
13,2021-06-15 11:20:01,KG 2,نعم,Facebook,Hadek Elahram,,2013,1,0,1,0,0,0,0,0,0,Egypt,الجيزة,Hadek Elahram
14,2021-06-15 18:57:00,الصف الخامس الإبتدائي,ربما,Facebook,الشرقية,,2014,1,1,0,1,0,0,1,1,0,Egypt,الشرقية,
15,2021-06-15 20:11:36,KG 1,ربما,Facebook,سوهاج,,2015,0,0,0,0,1,0,0,0,0,Egypt,سوهاج,
16,2021-06-16 05:18:42,الصف الأول الإبتدائي,نعم,Internet,شبرا مصر,,2016,0,0,0,0,1,0,0,0,0,Egypt,الجيزة,شبرا مصر
17,2021-06-16 08:53:42,الصف الخامس الإبتدائي,نعم,Facebook,القاهرة مدينتي,,2017,0,0,0,0,1,0,0,0,0,Egypt,القاهرة,مدينتي
18,2021-06-16 11:31:28,الصف الثاني الإعدادي,ربما,Facebook,مدينه 15 مايو,,2018,1,0,0,0,0,0,0,0,1,Egypt,القاهرة,مدينه 15 مايو
19,2021-06-16 17:25:46,الصف الثاني الإبتدائي,نعم,Facebook,Al mokattm,,2019,1,0,0,0,0,0,0,0,0,Egypt,,
20,2021-06-16 17:27:41,الصف الرابع الإبتدائي,نعم,Facebook,Al mokattm,,2020,1,0,0,0,0,0,0,0,0,Egypt,,
21,2021-06-16 20:06:17,الصف الثاني الإعدادي,نعم,friends,القاهرة,,2021,0,1,0,0,0,0,0,1,0,Egypt,القاهرة,
22,2021-06-16 23:43:11,الصف الأول الإعدادي,نعم,Facebook,السعوديه,,2022,0,0,0,0,0,0,0,0,0,Saudi Arabia,,
23,2021-06-17 08:31:43,الصف الرابع الإبتدائي,ربما,Genuis Student,unknown,,2023,1,1,1,1,1,1,1,1,0,,,
24,2021-06-17 18:27:54,الصف الخامس الإبتدائي,نعم,Facebook,جدة,,2024,0,0,0,0,0,0,1,0,0,Saudi Arabia,جدة,
25,2021-06-17 21:45:16,الصف الثالث الإعدادي,ربما,Facebook,الجيزة شارع الهرم,,2025,1,0,0,0,0,0,0,1,0,Egypt,الجيزة,الهرم
26,2021-06-17 23:07:25,الصف الأول الإبتدائي,ربما,Facebook,زهراء مدينة نصر,,2026,0,0,0,1,1,1,1,0,0,Egypt,القاهرة,مدينة نصر
27,2021-06-18 00:01:56,KG 1,نعم,Facebook,السعوديه,,2027,0,0,0,0,1,0,0,0,0,Saudi Arabia,,
28,2021-06-18 15:01:22,KG 1,نعم,Internet,المنصورة,,2028,0,0,0,0,0,0,0,1,0,Egypt,المنصورة,
29,2021-06-18 18:26:02,الصف الثاني الإعدادي,ربما,Facebook,الكويت,,2029,1,0,0,0,0,0,1,1,0,الكويت,,
30,2021-06-18 18:53:29,الصف السادس الإبتدائي,نعم,Facebook,بورسعيد,,2030,0,0,0,0,0,0,1,0,0,Egypt,بورسعيد,
31,2021-06-18 20:24:19,الصف الخامس الإبتدائي,ربما,Facebook,المدينه المنوره,,2031,0,0,0,0,1,0,1,0,0,Saudi Arabia,المدينه المنوره,
32,2021-06-19 17:56:42,الصف الأول الثانوي,نعم,Internet,القاهرة,,2032,0,0,0,0,1,0,1,0,0,Egypt,القاهرة,
33,2021-06-19 18:01:29,الصف الأول الثانوي,نعم,Internet,Cairo,,2033,1,1,0,0,0,0,0,1,0,Egypt,القاهرة,Cairo
34,2021-06-20 04:48:57,الصف الخامس الإبتدائي,نعم,Dr.Mohamed Kahil,المملكة العربية السعودية,,2034,1,0,0,1,1,0,1,0,0,Saudi Arabia,,
35,2021-06-20 04:50:33,الصف الثالث الإبتدائي,نعم,Dr.Mohamed Kahil,المملكة العربية السعودية,,2035,1,0,0,1,1,0,1,0,0,Saudi Arabia,,
36,2021-06-20 04:52:13,KG 2,نعم,Dr.Mohamed Kahil,المملكة العربية السعودية,,2036,1,0,0,1,1,0,1,0,0,Saudi Arabia,,
37,2021-06-20 07:30:57,الصف الأول الإعدادي,نعم,friends,طنطا,,2037,0,0,0,0,0,0,1,0,0,Egypt,طنطا,
38,2021-06-20 07:39:26,KG 2,نعم,Facebook,المحله الكبرى,,2038,0,0,0,1,1,0,1,0,0,Egypt,,
39,2021-06-20 10:11:54,الصف الأول الإبتدائي,نعم,Facebook,القاهرة,,2039,1,0,1,0,1,0,1,0,0,Egypt,القاهرة,
40,2021-06-20 17:10:53,KG 1,ربما,Facebook,Nacr city,,2040,0,0,0,0,1,0,0,0,0,Egypt,القاهرة,مدينة نصر
41,2021-06-20 17:43:21,KG 1,نعم,family,مدينة نصر,,2041,0,0,0,0,1,0,0,0,0,Egypt,القاهرة,مدينة نصر
42,2021-06-20 17:45:22,الصف الثاني الإبتدائي,نعم,Facebook,مدينة نصر,,2042,1,0,1,1,1,1,0,0,0,Egypt,القاهرة,مدينة نصر
43,2021-06-20 23:22:29,KG 1,نعم,Facebook,البحيرة - دمنهور,,2043,1,1,1,0,1,0,1,1,1,Egypt,البحيرة," دمنهور"
44,2021-06-21 01:11:33,الصف الرابع الإبتدائي,ربما,Facebook,Alexandria,,2044,0,0,0,0,0,0,1,1,0,Egypt,,
45,2021-06-21 01:43:29,الصف الخامس الإبتدائي,لا,Facebook,المرج,,2045,0,0,0,0,0,0,1,0,0,Egypt,القاهرة,المرج
46,2021-06-21 01:45:46,الصف الأول الإبتدائي,لا,Facebook,المرج,,2046,0,0,0,0,0,0,1,0,0,Egypt,القاهرة,المرج
47,2021-06-21 08:52:10,الصف الثاني الإبتدائي,نعم,Facebook,المقطم,,2047,0,1,0,0,0,1,1,0,0,Egypt,القاهرة,المقطم
48,2021-06-21 09:49:41,KG 1,ربما,Facebook,كفر الشيخ,,2048,0,0,0,1,1,1,0,0,0,Egypt,كفر الشيخ,
49,2021-06-21 09:51:02,الصف الثاني الإعدادي,نعم,social midea,El Sheikh zayed,,2049,1,1,0,0,0,0,0,1,0,Egypt,الجيزة,El Sheikh zayed
50,2021-06-21 15:00:56,الصف السادس الإبتدائي,ربما,Facebook,السعودية,,2050,0,0,0,0,0,1,0,0,0,السعودية,,
51,2021-06-21 17:10:51,الصف الثالث الإبتدائي,نعم,Facebook,القاهرة,,2051,0,0,0,0,1,0,0,0,0,Egypt,القاهرة,
52,2021-06-21 18:19:05,الصف الأول الثانوي,نعم,Facebook,شبرا,,2052,0,1,0,0,0,0,0,0,0,Egypt,الجيزة,شبرا
53,2021-06-21 18:57:27,الصف الثالث الإعدادي,ربما,Facebook,البحيره ..مصر,,2053,0,0,0,0,0,0,1,0,0,Egypt,,
54,2021-06-21 20:02:23,الصف الثالث الإبتدائي,نعم,Facebook,الاسماعيلية,,2054,0,0,0,0,0,0,1,0,0,Egypt,الاسماعيلية,
55,2021-06-21 21:16:36,الصف الثاني الإبتدائي,نعم,Facebook,امبابة,,2055,0,0,0,1,0,0,1,0,0,Egypt,القاهرة,امبابة
56,2021-06-21 23:54:08,الصف الثاني الإعدادي,نعم,friends,التجمع الخامس,,2056,0,0,0,0,0,0,1,0,0,Egypt,القاهرة,التجمع الخامس
57,2021-06-21 23:56:52,الصف الخامس الإبتدائي,نعم,unknown,"التجمع الخامس ",,2057,0,0,1,0,0,0,0,0,0,Egypt,القاهرة,"التجمع الخامس "
58,2021-06-22 01:40:39,الصف الثاني الإعدادي,نعم,flexible education group,الزقازيق,,2058,0,0,0,0,1,0,0,0,0,,,
59,2021-06-22 01:43:40,KG 2,نعم,flexible education group,الزقازيق,,2059,0,0,0,0,1,0,0,0,0,,,
60,2021-06-22 02:45:00,الصف الخامس الإبتدائي,نعم,Facebook,البدرشين,,2060,1,1,1,0,0,0,1,1,0,,,
61,2021-06-22 02:54:52,KG 1,ربما,flexible education group,المطبعة المعادى,,2061,0,0,0,1,1,0,0,0,0,Egypt,القاهرة,المطبعة المعادى
62,2021-06-22 08:53:11,KG 1,نعم,Facebook,الطائف. السعودية,,2062,0,0,0,0,1,1,0,0,0,Saudi Arabia,,
63,2021-06-22 09:25:07,KG 2,نعم,Internet,حدائق الاهرام,,2063,0,0,0,0,1,0,0,0,0,Egypt,الجيزة,حدائق الاهرام
64,2021-06-22 11:07:38,الصف الأول الإبتدائي,ربما,Facebook,فيصل,,2064,0,0,1,0,1,1,0,0,0,Egypt,القاهرة,فيصل
65,2021-06-22 12:54:21,الصف الأول الإبتدائي,لا,Facebook,التجمع الخامس,,2065,0,0,0,0,0,1,1,0,0,Egypt,القاهرة,التجمع الخامس
66,2021-06-22 15:46:05,الصف الثاني الإبتدائي,نعم,Facebook,المطرية القاهرة,,2066,1,0,1,0,0,1,0,0,0,Egypt,القاهرة,المطرية
67,2021-06-22 16:48:43,الصف الثالث الإعدادي,ربما,Facebook,المطرية - القاهرة,,2067,0,0,0,0,0,0,1,0,0,Egypt,القاهرة,"المطرية "
68,2021-06-22 17:04:05,الصف الثاني الإعدادي,ربما,Facebook,"Cairo, 1st settelment",,2068,1,0,1,1,0,0,1,0,0,Egypt,القاهرة,"التجمع الاول "
69,2021-06-22 17:09:31,الصف الثاني الإعدادي,ربما,Facebook,"Cairo, 1st Settelment",,2069,1,1,1,1,1,1,1,1,0,Egypt,القاهرة,"التجمع الاول "
70,2021-06-22 18:52:59,الصف الخامس الإبتدائي,نعم,Facebook,جده,,2070,0,0,0,0,1,0,0,0,0,Saudi Arabia,جده,
71,2021-06-22 20:22:18,الصف الخامس الإبتدائي,نعم,Facebook,Umm Alquwain,,2071,0,0,0,0,1,0,0,0,0,,,
72,2021-06-22 21:58:31,الصف الثاني الإعدادي,نعم,flexible education group,المحلة _المنصورة,,2072,0,0,0,0,0,0,1,0,0,Egypt,المحلة _المنصورة,
73,2021-06-23 00:05:48,الصف الخامس الإبتدائي,ربما,flexible education group,القاهرة,,2073,0,0,0,0,1,0,0,0,0,Egypt,القاهرة,
74,2021-06-23 01:09:40,الصف الثالث الإعدادي,نعم,Facebook,الكويت,,2074,0,0,0,0,0,0,1,0,1,الكويت,,
75,2021-06-23 02:45:39,الصف الأول الإبتدائي,ربما,Facebook,المعادي,,2075,1,0,0,1,1,1,0,0,0,Egypt,,
76,2021-06-23 04:08:17,الصف الثاني الإعدادي,ربما,Facebook,المحلة الكبري,,2076,1,0,1,0,0,0,1,1,0,,,
77,2021-06-23 04:17:55,الصف الأول الإبتدائي,نعم,Genuis Student,عزبه النخل,,2077,0,0,0,0,0,0,1,0,0,,,
78,2021-06-23 05:55:37,الصف الخامس الإبتدائي,نعم,Facebook,الرياض,,2078,0,0,0,1,0,0,0,0,0,Saudi Arabia,الرياض,
79,2021-06-23 07:56:30,الصف السادس الإبتدائي,ربما,Facebook,المقطم,,2079,0,0,0,0,0,0,1,0,0,Egypt,القاهرة,المقطم
80,2021-06-23 09:47:36,الصف الخامس الإبتدائي,نعم,Facebook,كفرالشيخ,,2080,0,0,0,0,1,0,0,0,0,,,
81,2021-06-23 10:08:49,KG 1,ربما,social midea,دمياط,,2081,0,0,1,0,0,0,0,0,0,Egypt,دمياط,
82,2021-06-23 10:47:18,الصف الثاني الإبتدائي,ربما,Facebook,مدينة نصر,,2082,0,0,0,1,1,0,1,0,0,Egypt,القاهرة,مدينة نصر
83,2021-06-23 12:46:34,الصف الخامس الإبتدائي,ربما,Internet,السعودية,,2083,0,0,0,0,1,0,0,0,0,السعودية,,
84,2021-06-23 13:27:47,الصف السادس الإبتدائي,نعم,Facebook,Maadi,,2084,0,0,0,0,0,0,1,0,0,,,
85,2021-06-23 16:31:46,KG 2,نعم,Facebook,ابوحماد شرقيه,,2085,0,0,0,0,0,1,0,0,0,,,
86,2021-06-24 04:31:19,الصف الخامس الإبتدائي,ربما,social midea,مدينة نصر,,2086,0,0,0,0,0,0,1,0,0,Egypt,القاهرة,مدينة نصر
87,2021-06-24 15:40:04,KG 1,ربما,social midea,دمياط,,2087,1,0,0,0,0,0,0,0,0,Egypt,دمياط,
88,2021-06-25 01:12:43,الصف الرابع الإبتدائي,ربما,Facebook,الدقهلية,,2088,1,1,1,1,1,1,1,1,1,Egypt,الدقهلية,
89,2021-06-25 14:26:10,الصف الثالث الإعدادي,نعم,Facebook,"الجيزة ",,2089,1,1,1,0,0,0,0,1,0,Egypt,"الجيزة ",
90,2021-06-25 19:22:15,الصف الأول الإبتدائي,ربما,unknown,Muscat,,2090,1,0,1,0,0,1,0,0,0,,,
91,2021-06-25 19:44:09,الصف الثاني الإبتدائي,نعم,Facebook,الاسكندرية,,2091,0,0,0,0,1,0,0,0,0,Egypt,الاسكندرية,
92,2021-06-25 19:46:22,الصف الثاني الإبتدائي,ربما,Facebook,الاسكندرية,,2092,0,0,0,0,1,0,0,0,0,Egypt,الاسكندرية,
93,2021-06-26 13:22:55,KG 1,نعم,Facebook,"شبرا الخيمه ",,2093,0,0,0,0,1,0,0,0,0,Egypt,الجيزة,"شبرا الخيمه "
94,2021-06-26 16:35:06,الصف السادس الإبتدائي,نعم,Facebook,Cairo,,2094,0,0,0,0,1,0,0,0,0,Egypt,القاهرة,
95,2021-06-26 19:14:00,الصف الرابع الإبتدائي,نعم,Facebook,Haram,,2095,0,0,0,0,0,0,1,0,0,,,
96,2021-06-26 22:03:04,الصف الخامس الإبتدائي,نعم,Facebook,الكويت,,2096,0,0,0,0,1,0,0,0,0,الكويت,,
97,2021-06-26 23:25:11,KG 1,ربما,Dr.Mohamed Kahil,6 أكتوبر,,2097,0,0,0,0,1,0,0,0,0,Egypt,الجيزة,6 أكتوبر
98,2021-06-26 23:26:33,KG 1,ربما,Dr.Mohamed Kahil,6 أكتوبر,,2098,0,0,0,0,1,0,0,0,0,Egypt,الجيزة,6 أكتوبر
99,2021-06-27 00:17:31,KG 1,نعم,Facebook,شبرا الخيمه,,2099,0,0,0,0,1,0,0,0,0,Egypt,القاهرة,شبرا الخيمه
100,2021-06-27 00:35:52,الصف السادس الإبتدائي,ربما,Facebook,فيصل,,2100,0,0,0,0,1,0,1,0,0,Egypt,الجيزة,"فيصل "
101,2021-06-27 08:21:01,الصف الخامس الإبتدائي,نعم,Facebook,"التجمع الاول ",,2101,1,0,0,0,0,1,1,0,0,Egypt,القاهرة,"التجمع الاول "
102,2021-06-27 12:01:41,الصف الخامس الإبتدائي,ربما,Facebook,التجمع الخامس,,2102,0,0,0,0,0,0,1,0,0,Egypt,القاهرة,التجمع الخامس
103,2021-06-27 22:24:18,الصف الرابع الإبتدائي,ربما,Facebook,Cairo,,2103,0,0,0,0,1,0,1,0,0,Egypt,القاهرة,
104,2021-06-28 01:40:47,الصف الأول الإبتدائي,ربما,Facebook,الجيزة,,2104,0,0,0,1,0,1,1,0,0,Egypt,الجيزة,
105,2021-06-28 09:09:43,الصف الرابع الإبتدائي,ربما,Facebook,El zagazig - Sharqia,,2105,0,0,0,0,0,0,1,0,0,,,
106,2021-06-28 11:49:55,KG 1,نعم,friends,6 أكتوبر,,2106,0,0,0,0,1,0,0,0,0,Egypt,الجيزة,أكتوبر
107,2021-06-28 21:42:18,الصف الثالث الإبتدائي,نعم,social midea,حدائق الاهرام,,2107,0,0,1,0,1,0,0,0,0,Egypt,الجيزة,حدائق الاهرام
108,2021-06-28 22:35:58,الصف الثاني الإبتدائي,لا,Facebook,الهرم,,2108,1,0,0,0,0,1,1,1,0,Egypt,القاهرة,الهرم
109,2021-06-29 04:41:00,الصف السادس الإبتدائي,نعم,Facebook,بني سويف,,2109,1,0,0,0,0,0,0,0,0,Egypt,بني سويف,
110,2021-06-29 13:03:35,الصف الثالث الإبتدائي,نعم,Facebook,"دمياط ",,2110,0,0,0,0,0,0,1,0,0,Egypt,"دمياط ",
111,2021-06-29 19:24:05,الصف الخامس الإبتدائي,نعم,Internet,المطرية. دقهلية,,2111,0,0,0,0,0,0,1,0,0,Egypt,القاهرة,المطرية. دقهلية
112,2021-06-30 12:55:25,الصف الرابع الإبتدائي,نعم,Facebook,زهراء المعادى,,2112,1,1,0,0,1,0,0,1,0,Egypt,القاهرة,زهراء المعادى
113,2021-06-30 13:02:19,KG 1,ربما,Facebook,القاهرة,,2113,1,0,1,1,1,1,1,0,1,Egypt,القاهرة,
114,2021-06-30 15:07:12,الصف الرابع الإبتدائي,نعم,unknown,التجمع الخامس,,2114,0,0,0,0,1,0,0,0,0,Egypt,القاهرة,التجمع الخامس
115,2021-06-30 15:08:34,الصف الثاني الإبتدائي,نعم,unknown,unknown,,2115,0,0,0,0,1,0,0,0,0,,,
116,2021-06-30 15:09:16,الصف الأول الإبتدائي,نعم,unknown,unknown,,2116,0,0,0,0,1,0,0,0,0,,,
117,2021-06-30 15:19:29,الصف الثالث الإعدادي,نعم,Facebook,الدمام السعوديه,,2117,0,0,0,0,0,0,1,0,0,Saudi Arabia,,
118,2021-06-30 20:01:41,الصف الثالث الإبتدائي,نعم,unknown,unknown,,2118,1,0,0,0,1,1,0,0,0,,,
119,2021-07-01 12:26:32,الصف الرابع الإبتدائي,نعم,friends,5 settlement new cairo,,2119,0,0,0,0,0,0,1,0,0,Egypt,القاهرة,التجمع الخامس
120,2021-07-01 18:11:37,الصف الثاني الإعدادي,نعم,friends,Sheikh Zayed,,2120,0,0,0,0,1,0,0,0,0,,,
121,2021-07-01 20:27:01,الصف الرابع الإبتدائي,ربما,unknown,العبور,,2121,1,0,1,1,0,0,0,0,0,Egypt,القاهرة,العبور
122,2021-07-02 03:36:23,الصف الأول الإعدادي,نعم,Facebook,المنوفيه,,2122,0,0,1,1,1,1,0,0,0,Egypt,المنوفيه,
123,2021-07-02 05:29:50,KG 1,ربما,unknown,unknown,,2123,0,0,0,1,0,1,0,0,0,,,
124,2021-07-02 06:22:04,الصف الثالث الاعدادي,ربما,Facebook,قليوب,,2124,1,0,0,0,0,0,0,0,0,,,
125,2021-07-02 08:56:27,الصف الثالث الإبتدائي,ربما,social midea," مدينة نصر",,2125,1,1,0,0,0,1,0,0,0,Egypt,القاهرة," مدينة نصر"
126,2021-07-02 18:08:38,KG 2,ربما,unknown,التجمع الخامس,,2126,1,0,0,0,0,1,0,0,0,Egypt,القاهرة,التجمع الخامس
127,2021-07-02 18:42:20,الصف الخامس الإبتدائي,نعم,Facebook,Egypt,,2127,1,0,0,1,0,0,1,0,0,Egypt,,
128,2021-07-02 22:04:44,الصف الثاني الإبتدائي,نعم,Facebook,دمنهور,,2128,0,0,0,0,0,0,1,0,0,,,
129,2021-07-02 23:11:53,الصف الرابع الإبتدائي,نعم,Facebook," الشرقية",,2129,0,0,0,0,1,0,0,0,0,Egypt," الشرقية",
130,2021-07-03 02:26:40,الصف الخامس الإبتدائي,نعم,Internet,المنصورة,,2130,1,0,0,0,0,0,0,0,0,Egypt,المنصورة,
131,2021-07-03 07:17:37,الصف الأول الإعدادي,ربما,Facebook,Helwan,,2131,0,0,0,0,0,0,1,0,0,,,
132,2021-07-03 08:30:26,الصف الخامس الإبتدائي,نعم,Facebook,"السويس ",,2132,0,0,0,0,1,0,0,0,0,Egypt,"السويس ",
133,2021-07-03 16:06:34,الصف الثالث الإبتدائي,نعم,Facebook,فيصل,,2133,0,0,0,0,0,0,1,0,0,Egypt,القاهرة,فيصل
134,2021-07-03 19:53:56,الصف الثاني الإعدادي,نعم,Facebook,عاشر من رمضات,,2134,0,0,0,0,0,0,1,0,0,,,
135,2021-07-03 22:55:51,الصف الثالث الإبتدائي,نعم,Facebook,سلطنه عمان,,2135,0,0,0,0,1,0,1,1,0,,,
136,2021-07-04 02:02:10,الصف الأول الإعدادي,ربما,Facebook,"Suez,",,2136,1,0,0,0,1,0,0,0,0,,,
137,2021-07-04 21:34:38,الصف الأول الإعدادي,ربما,Facebook,دمياط,,2137,1,1,0,0,0,0,1,1,0,Egypt,دمياط,
138,2021-07-04 21:36:16,الصف الثالث الإعدادي,ربما,unknown,دمياط,,2138,1,1,0,0,0,0,1,1,0,Egypt,دمياط,
139,2021-07-05 00:25:24,الصف السادس الإبتدائي,ربما,Facebook,جنوب سيناء,,2139,1,0,1,1,1,1,0,0,0,Egypt,جنوب سيناء,
140,2021-07-05 00:32:53,الصف الثالث الإبتدائي,ربما,Facebook,حدائق الاهرام,,2140,0,0,0,0,1,1,0,0,0,Egypt,الجيزة,حدائق الاهرام
141,2021-07-05 05:25:45,KG 1,نعم,Facebook,Helwan,,2141,1,1,0,1,1,1,0,1,0,,,
142,2021-07-05 07:40:37,الصف الثالث الإبتدائي,ربما,Facebook,الشيخ زايد,,2142,0,0,1,0,0,0,0,0,0,Egypt,الجيزة,الشيخ زايد
143,2021-07-05 14:57:03,الصف السادس الإبتدائي,نعم,Facebook,محافظه بورسعيد,,2143,1,0,0,0,0,0,0,1,0,Egypt,محافظه بورسعيد,
144,2021-07-05 21:56:12,الصف الخامس الإبتدائي,ربما,friends,مدينة نصر,,2144,1,0,0,0,0,0,0,0,0,Egypt,القاهرة,مدينة نصر
145,2021-07-05 22:04:01,الصف الخامس الإبتدائي,ربما,friends,مدينة نصر,,2145,0,1,0,0,0,0,0,0,0,Egypt,القاهرة,مدينة نصر
146,2021-07-06 02:56:33,الصف الخامس الإبتدائي,ربما,unknown,بورسعيد,,2146,0,0,0,1,1,1,1,0,0,Egypt,بورسعيد,
147,2021-07-06 08:17:29,الصف السادس الإبتدائي,ربما,Facebook,طور سيناء _ جنوب سيناء,,2147,0,0,0,1,0,0,0,0,0,Egypt,طور سيناء _ جنوب سيناء,
148,2021-07-06 08:42:36,الصف الأول الثانوي,نعم,Facebook,السويس,,2148,0,0,0,0,0,0,1,1,0,Egypt,السويس,
149,2021-07-06 08:50:20,الصف الأول الثانوي,نعم,Facebook,السويس,,2149,0,1,0,0,0,0,1,0,0,Egypt,السويس,
150,2021-07-06 17:16:39,الصف الرابع الإبتدائي,نعم,Facebook,الجيزة,,2150,1,0,0,0,1,0,0,0,0,Egypt,الجيزة,
151,2021-07-07 01:45:31,الصف السادس الإبتدائي,نعم,unknown,سمنود,,2151,0,0,0,0,0,0,1,0,0,,,
152,2021-07-07 16:31:26,الصف الثالث الإبتدائي,نعم,Facebook,القاهرة,,2152,0,0,0,1,0,0,0,0,0,Egypt,القاهرة,
153,2021-07-08 01:09:20,الصف السادس الإبتدائي,نعم,Facebook,الشيخ زايد,,2153,1,1,1,1,1,1,1,1,1,Egypt,الجيزة,الشيخ زايد
154,2021-07-08 05:58:44,الصف الثاني الإبتدائي,نعم,Facebook,المنيا,,2154,0,0,0,1,1,1,1,0,0,Egypt,المنيا,
155,2021-07-08 08:32:08,الصف الثاني الإبتدائي,نعم,Facebook,أسيوط,,2155,0,0,0,0,1,0,0,0,0,Egypt,أسيوط,
156,2021-07-08 11:02:18,الصف الثالث الإبتدائي,نعم,Facebook,الاسكندرية السيوف,,2156,0,0,0,0,1,0,0,0,0,Egypt,الاسكندرية,
157,2021-07-08 11:04:11,الصف الأول الإعدادي,نعم,Facebook,الاسكندرية السيوف,,2157,0,0,0,0,1,0,0,0,0,Egypt,الاسكندرية,
158,2021-07-08 16:23:48,الصف الخامس الإبتدائي,نعم,Facebook,الشرقية,,2158,1,0,0,0,0,0,0,0,0,Egypt,الشرقية,
159,2021-07-08 23:20:31,الصف الثاني الثانوي,نعم,Facebook,الدقهلية,,2159,1,1,1,1,1,1,1,1,0,Egypt,الدقهلية,
160,2021-07-09 00:19:37,الصف الخامس الإبتدائي,ربما,Facebook,Maadi,,2160,0,0,0,0,0,0,1,0,0,,,
161,2021-07-09 16:33:27,الصف الرابع الإبتدائي,ربما,Facebook,هليوبولس,,2161,0,0,0,0,0,0,1,0,0,,,
162,2021-07-09 16:34:57,الصف الرابع الإبتدائي,ربما,Facebook,هليوبولس,,2162,0,0,0,0,0,0,1,0,0,,,
163,2021-07-09 17:55:11,الصف الثالث الإبتدائي,نعم,Facebook,unknown,,2163,0,0,0,0,1,0,0,0,0,,,
164,2021-07-09 20:36:58,الصف الخامس الإبتدائي,نعم,Facebook,مكة - السعودية,,2164,0,1,0,0,0,1,0,0,0,Saudi Arabia,,
165,2021-07-09 21:54:03,الصف الأول الإعدادي,نعم,Facebook,مدينة نصر,,2165,0,0,0,0,0,0,0,1,0,Egypt,القاهرة,مدينة نصر
166,2021-07-09 23:21:25,KG 1,ربما,Facebook,توريل المنصورة,,2166,0,0,0,1,1,0,0,0,0,,,
167,2021-07-10 00:26:44,KG 2,نعم,friends,Benha,,2167,1,0,1,1,1,1,1,0,0,,,
168,2021-07-10 10:39:14,الصف الثالث الإبتدائي,ربما,Facebook,التجمع الخامس,,2168,0,0,0,0,0,0,1,0,0,Egypt,القاهرة,التجمع الخامس
169,2021-07-10 13:27:05,الصف الخامس الإبتدائي,ربما,Facebook,Aexandria,,2169,1,1,0,1,0,1,0,1,0,,,
170,2021-07-10 15:10:18,KG 2,ربما,Facebook,المقطم,,2170,0,0,1,1,0,0,0,0,0,Egypt,القاهرة,المقطم
171,2021-07-11 14:20:18,KG 1,ربما,friends,الشبخ زايد,,2171,1,0,1,1,1,1,1,0,0,Egypt,الجيزة,الشبخ زايد
172,2021-07-11 22:59:58,الصف الأول الإعدادي,ربما,Facebook,unknown,,2172,1,0,0,0,0,0,0,0,0,,,
173,2021-07-11 23:01:17,الصف الأول الإعدادي,ربما,Facebook,unknown,,2173,1,0,0,0,0,0,0,1,0,,,
174,2021-07-11 23:04:03,الصف الرابع الإبتدائي,نعم,Facebook,دار السلام,,2174,0,0,0,0,0,0,1,0,0,Egypt,القاهرة,دار السلام
175,2021-07-12 18:47:21,الصف الأول الإبتدائي,لا,Facebook,مدينة نصر,,2175,0,0,0,0,0,0,1,0,0,Egypt,القاهرة,مدينة نصر
176,2021-07-13 15:39:19,الصف الخامس الإبتدائي,ربما,unknown,بولاق الدكرور,,2176,1,0,0,0,0,0,0,1,0,Egypt,الجيزة,بولاق الدكرور
177,2021-07-14 00:11:29,الصف الأول الإبتدائي,نعم,Facebook,مدينة نصر,,2177,0,0,0,0,0,0,1,0,0,Egypt,القاهرة,مدينة نصر
178,2021-07-14 07:57:09,الصف الرابع الإبتدائي,ربما,unknown,unknown,,2178,0,1,0,1,1,0,1,1,1,,,
179,2021-07-14 12:07:26,الصف الثاني الإبتدائي,نعم,Genuis Student,التجمع,,2179,0,0,0,0,0,0,1,0,0,Egypt,القاهرة,"التجمع الاول "
180,2021-07-15 10:33:23,الصف الرابع الإبتدائي,نعم,Facebook,دمياط,,2180,1,1,0,0,0,1,0,1,0,Egypt,دمياط,
181,2021-07-17 02:03:49,الصف الرابع الإبتدائي,نعم,Facebook,"التجمع الاول ",,2181,0,0,0,0,1,0,0,0,0,Egypt,القاهرة,"التجمع الاول "
182,2021-07-17 13:13:25,الصف الثالث الإبتدائي,نعم,Facebook,الدقى,,2182,1,1,0,0,1,0,0,1,0,,,
183,2021-07-18 05:43:04,KG 1,نعم,unknown,Masr el gdeeda,,2183,1,0,0,1,1,1,0,0,0,,,
184,2021-07-18 19:10:04,الصف الرابع الإبتدائي,نعم,Facebook,اسوان _كوم امبو,,2184,0,1,0,0,0,0,0,0,0,,,
185,2021-07-20 13:57:04,KG 1,نعم,Facebook,Suez,,2185,1,0,1,1,0,0,0,0,0,Egypt,,Suez
186,2021-07-22 14:12:29,KG 1,نعم,Facebook,البحر الاحمر رأس غارب,,2186,0,0,0,0,1,0,0,0,0,Egypt,,
187,2021-07-22 17:47:49,الصف الثاني الإعدادي,نعم,Facebook,مصر,,2187,0,0,0,0,0,0,0,1,0,مصر,,
188,2021-07-22 21:51:11,الصف السادس الإبتدائي,ربما,unknown," التجمع الأول",,2188,0,0,0,0,0,0,1,0,0,Egypt,القاهرة,التجمع الأول
189,2021-07-24 02:34:47,الصف الثالث الإعدادي,نعم,Facebook,unknown,,2189,1,0,0,0,0,0,0,0,0,,,
190,2021-07-24 20:42:36,الصف الأول الإبتدائي,نعم,friends,فيصل,,2190,0,0,0,0,1,0,0,0,0,Egypt,القاهرة,فيصل
191,2021-07-25 03:14:56,الصف الثاني الإعدادي,ربما,Facebook,nasr.city,,2191,0,0,0,0,1,0,0,1,1,Egypt,القاهرة,مدينة نصر
192,2021-07-25 18:34:44,الصف الأول الإعدادي,نعم,unknown,unknown,,2192,0,0,1,1,1,0,1,0,0,,,
193,2021-07-25 18:36:08,الصف الرابع الإبتدائي,نعم,unknown,unknown,,2193,0,0,1,1,1,0,1,0,0,,,
194,2021-07-26 12:28:33,الصف الثالث الإعدادي,نعم,Facebook,الدقى,,2194,1,0,0,0,0,0,0,0,0,,,
195,2021-07-26 15:41:19,الصف الأول الإبتدائي,نعم,Facebook,فرنسا,,2195,0,0,0,0,0,0,0,0,0,فرنسا,,
196,2021-07-26 19:57:18,الصف الثاني الإعدادي,نعم,Facebook,اسكندريه,,2196,1,0,0,0,0,0,0,1,0,,,
197,2021-07-26 22:46:34,الصف الثاني الإبتدائي,نعم,Facebook,المنصورة,,2197,1,0,0,0,1,0,1,0,0,Egypt,المنصورة,
198,2021-07-27 06:50:24,KG 2,نعم,Facebook,Salmyiah,,2198,0,0,0,1,1,0,0,1,0,,,
199,2021-07-27 10:51:18,الصف الرابع الإبتدائي,ربما,Facebook,عين شمس,,2199,0,0,1,0,1,0,1,0,0,Egypt,القاهرة,عين شمس
200,2021-07-27 16:28:53,الصف الرابع الإبتدائي,نعم,social midea,البحر الاحمر,,2200,0,0,0,1,0,0,0,0,0,Egypt,,
201,2021-07-28 00:31:49,الصف الأول الإبتدائي,نعم,Facebook,الاسكندرية,,2201,1,0,0,0,0,0,0,1,0,Egypt,الاسكندرية,
202,2021-07-28 13:58:29,الصف الأول الإبتدائي,نعم,Facebook,النزهة,,2202,0,0,0,0,0,0,1,0,0,,,
203,2021-07-28 16:15:57,الصف الخامس الإبتدائي,ربما,Facebook,الشرقية,,2203,1,0,0,0,0,0,0,0,0,Egypt,الشرقية,
204,2021-07-28 21:39:56,KG 2,نعم,flexible education group,خارج مصر,,2204,0,0,1,1,0,0,0,0,0,Egypt,,
205,2021-07-29 00:22:27,الصف الثالث الإبتدائي,ربما,Internet,الاسكندرية,,2205,1,0,0,1,1,0,0,0,0,Egypt,الاسكندرية,
206,2021-07-29 15:35:39,الصف الثالث الإبتدائي,نعم,Genuis Student,المعادي,,2206,0,0,0,1,1,0,1,1,0,Egypt,,
207,2021-07-29 16:33:15,الصف الثاني الإبتدائي,نعم,flexible education group,الرياض,,2207,0,0,0,1,0,0,0,0,0,Saudi Arabia,الرياض,
208,2021-07-29 23:16:05,الصف الأول الإبتدائي,نعم,unknown,السعوديه,,2208,0,0,1,1,1,1,0,0,0,Saudi Arabia,,
209,2021-07-30 05:34:57,KG 1,نعم,friends,الرياض,,2209,0,1,1,1,1,1,1,0,0,Saudi Arabia,الرياض,
210,2021-07-31 08:07:20,الصف الثاني الإبتدائي,نعم,friends,عين شمس,,2210,1,1,0,1,1,0,1,0,0,Egypt,القاهرة,عين شمس
211,2021-08-02 22:52:31,الصف الثاني الإبتدائي,ربما,friends,Cairo,,2211,0,0,0,0,1,1,1,0,0,Egypt,القاهرة,
212,2021-08-03 15:25:25,الصف الثاني الإبتدائي,نعم,Facebook,unknown,,2212,1,0,1,0,0,0,1,0,0,,,
213,2021-08-04 01:52:51,الصف الثاني الإعدادي,نعم,Facebook,الفيوم,,2213,0,0,0,0,1,1,0,0,0,Egypt,الفيوم,
214,2021-08-04 13:05:58,الصف الثاني الإعدادي,نعم,unknown,دسوق كفرالشيخ,,2214,1,1,1,1,1,1,1,1,1,,,
215,2021-08-04 14:12:28,KG 1,نعم,Internet,الشرقية,,2215,0,0,0,0,0,0,1,0,0,Egypt,الشرقية,
216,2021-08-04 19:08:46,الصف الأول الإعدادي,نعم,Facebook,بنى سويف,,2216,1,0,0,0,0,0,0,0,0,,,
217,2021-08-05 15:27:09,الصف الثاني الإبتدائي,ربما,Genuis Student,السعودية,,2217,0,0,0,0,0,0,1,0,0,السعودية,,
218,2021-08-05 19:42:28,الصف الثاني الإعدادي,نعم,Facebook,السعوديه,,2218,0,0,0,0,0,0,1,0,0,Saudi Arabia,,
219,2021-08-07 04:50:04,الصف السادس الإبتدائي,نعم,Facebook,التجمع الخامس,,2219,1,0,0,0,0,0,0,0,0,Egypt,القاهرة,التجمع الخامس
220,2021-08-07 19:35:31,الصف الاول الاعدادي,نعم,Facebook,بني سويف,,2220,1,1,0,0,0,0,0,1,0,Egypt,بني سويف,
221,2021-08-09 10:31:02,الصف الرابع الإبتدائي,نعم,Facebook,السعوديه,,2221,1,0,0,0,1,1,1,0,0,Saudi Arabia,,
222,2021-08-10 10:02:01,KG 1,لا,Facebook,امبابة,,2222,1,1,1,1,0,1,0,1,1,Egypt,القاهرة,امبابة
223,2021-08-10 10:04:36,KG 1,لا,Facebook,امبابة,,2223,1,1,1,1,0,1,1,1,0,Egypt,القاهرة,امبابة
224,2021-08-10 20:27:34,الصف الأول الثانوي,نعم,Facebook,المنيا,,2224,1,1,0,0,0,0,0,1,0,Egypt,المنيا,
225,2021-08-12 21:43:25,الصف الثاني الإعدادي,نعم,Facebook,محافظة المنيا,,2225,1,1,0,0,0,0,0,1,0,Egypt,محافظة المنيا,
226,2021-08-14 10:21:05,الصف السادس الإبتدائي,نعم,unknown,المنصورة,,2226,1,0,0,0,0,0,1,0,0,Egypt,المنصورة,
227,2021-08-14 19:16:02,الصف الثاني الإعدادي,نعم,unknown,unknown,,2227,1,1,0,0,0,0,0,1,0,,,
228,2021-08-15 14:29:41,الصف الثاني الثانوي,نعم,Facebook,القاهرة,,2228,0,1,0,0,0,0,0,0,0,Egypt,القاهرة,
229,2021-08-15 21:58:58,الصف الثاني الإعدادي,نعم,Facebook,محافظة مرسي مطروح,,2229,1,1,0,0,0,0,0,1,0,Egypt,محافظة مرسي مطروح,
230,2021-08-16 22:05:03,الصف الرابع الإبتدائي,نعم,unknown,unknown,,2230,0,0,0,0,0,0,0,0,0,,,
231,2021-08-17 00:48:11,KG 1,نعم,Facebook,مصر / اسوان,,2231,0,0,0,0,0,0,1,0,0,Egypt,,
232,2021-08-17 13:52:32,الصف الخامس الإبتدائي,نعم,Facebook,العبور,,2232,0,0,0,0,0,0,0,1,0,Egypt,القاهرة,العبور
233,2021-08-17 21:08:32,الصف الرابع الإبتدائي,نعم,friends,الرحاب القاهرة الجديدة,,2233,0,0,0,0,1,1,0,0,0,Egypt,القاهرة,"الرحاب "
234,2021-08-17 22:02:23,الصف الثاني الإبتدائي,نعم,Facebook,الاسكندرية,,2234,0,0,0,0,0,0,1,0,0,Egypt,الاسكندرية,
235,2021-08-17 23:31:51,الصف الأول الإبتدائي,ربما,Facebook,Riyadh,,2235,0,0,0,0,0,0,1,0,0,,,
236,2021-08-18 11:55:44,الصف السادس الإبتدائي,ربما,Facebook,العاشر من رمضان,,2236,1,1,1,1,1,1,1,1,1,Egypt,العاشر من رمضان,
237,2021-08-19 12:07:40,الصف الثالث الاعدادي,ربما,Facebook,منشأة ناصر,,2237,0,0,0,0,0,0,0,1,0,,,
238,2021-08-20 00:26:24,الصف الخامس الإبتدائي,ربما,Facebook,شبرا الخيمه,,2238,1,0,0,0,0,0,0,0,0,Egypt,القاهرة,شبرا الخيمه
239,2021-08-20 09:46:37,الصف الرابع الإبتدائي,نعم,unknown,El Haram,,2239,0,0,0,0,0,0,1,0,0,,,
240,2021-08-20 14:57:00,الصف الثاني الإعدادي,ربما,Facebook,بورسعيد,,2240,0,1,0,0,0,0,0,0,0,Egypt,بورسعيد,
241,2021-08-22 02:00:55,الصف الأول الإبتدائي,نعم,unknown,unknown,,2241,0,0,0,0,1,0,0,0,0,,,
242,2021-08-22 02:02:59,الصف الثالث الإعدادي,نعم,Facebook,الاسكندرية,,2242,0,0,0,0,0,0,0,1,0,Egypt,الاسكندرية,
243,2021-08-22 05:57:58,الصف الثالث الإبتدائي,نعم,unknown,unknown,,2243,1,0,0,0,0,0,0,0,0,,,
244,2021-08-22 16:54:31,الصف الرابع الإبتدائي,ربما,Facebook,أكتوبر,,2244,1,1,0,0,0,0,1,1,0,Egypt,الجيزة,أكتوبر
245,2021-08-23 07:54:01,الصف الثالث الإبتدائي,نعم,Facebook,٦ أكتوبر,,2245,0,1,0,0,0,0,0,0,0,Egypt,الجيزة,أكتوبر
246,2021-08-23 17:12:55,الصف الرابع الإبتدائي,ربما,Facebook,Mansoura Dakahlia,,2246,1,1,1,1,1,1,1,1,1,,,
247,2021-08-24 21:12:42,KG 2,نعم,Facebook,السعودية,,2247,0,0,0,0,1,0,0,0,0,السعودية,,
248,2021-08-24 22:37:11,الصف الثاني الإعدادي,نعم,social midea,عين شمس القاهرة,,2248,0,0,0,0,1,0,0,0,0,Egypt,القاهرة,"عين شمس "
249,2021-08-24 23:56:31,الصف الثاني الإعدادي,نعم,social midea,عين شمس القاهرة,,2249,0,0,0,0,1,0,0,0,0,Egypt,القاهرة,"عين شمس "
